Planet,Equatorial Radius (km),Mean Radius (km),Mass (×1024 kg),Bulk Density (g cm-3),Sidereal Rotation Period (d),Sidereal Orbital Period (y),"V(1,0) (mag)",Geometric Albedo,Equatorial Gravity (m s-2),Escape Velocity (km s-1)
Mercury,2440.53,2439.4,0.330103,5.4289,58.6462,0.2408467,-0.6,0.106,3.7,4.25
Venus,6051.8,6051.8,4.86731,5.243,-243.018,0.61519726,-4.47,0.65,8.87,10.36
Earth,6378.1366,6371.0084,5.97217,5.5134,0.99726968,1.0000174,-3.86,0.367,9.8,11.19
Mars,3396.19,3389.5,0.641691,3.934,1.02595676,1.8808476,-1.52,0.15,3.71,5.03
Jupiter,71492.0,69911.0,1898.125,1.3262,0.41354,11.862615,-9.4,0.52,24.79,60.2
Saturn,60268.0,58232.0,568.317,0.6871,0.44401,29.447498,-8.88,0.47,10.44,36.09
Uranus,25559.0,25362.0,86.8099,1.27,-0.71833,84.016846,-7.19,0.51,8.87,21.38
Neptune,24764.0,24622.0,102.4092,1.638,0.67125,164.79132,-6.87,0.41,11.15,23.56
